{"cameraMode":{"drawMode":0,"name":"Shaded","section":"Shading Mode"},"sceneLighting":false,"audioPlay":false,"sceneViewState":{"m_AlwaysRefresh":false,"showFog":true,"showSkybox":false,"showFlares":true,"showImageEffects":true,"showParticleSystems":true,"showVisualEffectGraphs":true,"m_FxEnabled":true},"in2DMode":false,"pivot":{"x":-13.088789939880371,"y":8.608677864074707,"z":12.830169677734375},"rotation":{"x":0.1849171221256256,"y":0.01561990287154913,"z":-0.0029415579047054054,"w":0.9826327562332153},"size":8.910396575927735,"orthographic":false}